{"mw6":{"1-0":{"distance":689.850358,"sprint_distance":33.219288,"highspeed_runs_distance":164.507768,"max_speed":"28.802191","sprints":3,"highspeed_runs":13,"avg_speed":8.2782042},"1-5":{"distance":588.941216,"sprint_distance":28.35713,"highspeed_runs_distance":107.671177,"max_speed":"26.399050","sprints":2,"highspeed_runs":7,"avg_speed":7.0672946},"1-10":{"distance":613.661407,"sprint_distance":7.812881,"highspeed_runs_distance":192.817977,"max_speed":"23.744713","sprints":1,"highspeed_runs":11,"avg_speed":7.363937},"1-15":{"distance":732.633888,"sprint_distance":38.910919,"highspeed_runs_distance":194.659245,"max_speed":"26.412289","sprints":3,"highspeed_runs":18,"avg_speed":8.7916064},"1-20":{"distance":785.316468,"sprint_distance":122.641306,"highspeed_runs_distance":158.069587,"max_speed":"25.867146","sprints":9,"highspeed_runs":16,"avg_speed":9.4237978},"1-25":{"distance":734.757255,"sprint_distance":62.760325,"highspeed_runs_distance":180.17148,"max_speed":"27.334148","sprints":4,"highspeed_runs":15,"avg_speed":8.817087},"1-30":{"distance":679.798133,"sprint_distance":49.675453,"highspeed_runs_distance":74.299473,"max_speed":"29.592091","sprints":2,"highspeed_runs":8,"avg_speed":8.1575776},"1-35":{"distance":763.179436,"sprint_distance":40.354547,"highspeed_runs_distance":181.414962,"max_speed":"27.839125","sprints":2,"highspeed_runs":13,"avg_speed":9.1581532},"1-40":{"distance":756.575103,"sprint_distance":51.548252,"highspeed_runs_distance":122.328212,"max_speed":"23.830311","sprints":4,"highspeed_runs":8,"avg_speed":9.0789012},"1-45":{"distance":91.037053,"sprint_distance":0,"highspeed_runs_distance":0,"max_speed":"12.744578","sprints":0,"highspeed_runs":0,"avg_speed":5.6987725},"2-45":{"distance":701.037842,"sprint_distance":45.921522,"highspeed_runs_distance":132.591674,"max_speed":"28.933058","sprints":2,"highspeed_runs":12,"avg_speed":8.4124542},"2-50":{"distance":642.966659,"sprint_distance":7.568032,"highspeed_runs_distance":115.240765,"max_speed":"23.331320","sprints":1,"highspeed_runs":11,"avg_speed":7.7156},"2-55":{"distance":755.131362,"sprint_distance":71.722662,"highspeed_runs_distance":163.162771,"max_speed":"28.918921","sprints":3,"highspeed_runs":13,"avg_speed":9.0615762},"2-60":{"distance":540.020591,"sprint_distance":21.54134,"highspeed_runs_distance":92.906951,"max_speed":"22.416222","sprints":2,"highspeed_runs":8,"avg_speed":6.4802472},"2-65":{"distance":668.508079,"sprint_distance":10.560723,"highspeed_runs_distance":182.702326,"max_speed":"22.566851","sprints":1,"highspeed_runs":14,"avg_speed":8.022097},"2-70":{"distance":545.996231,"sprint_distance":31.401657,"highspeed_runs_distance":158.772016,"max_speed":"28.320635","sprints":2,"highspeed_runs":7,"avg_speed":6.5519548},"2-75":{"distance":658.824546,"sprint_distance":73.96171,"highspeed_runs_distance":101.52235,"max_speed":"26.710257","sprints":4,"highspeed_runs":8,"avg_speed":7.9058944},"2-80":{"distance":608.366028,"sprint_distance":73.778912,"highspeed_runs_distance":157.477685,"max_speed":"27.680584","sprints":4,"highspeed_runs":11,"avg_speed":7.3003926},"2-85":{"distance":668.274834,"sprint_distance":98.52564,"highspeed_runs_distance":132.54246,"max_speed":"29.802534","sprints":4,"highspeed_runs":12,"avg_speed":8.019298},"2-90":{"distance":595.969803,"sprint_distance":29.454472,"highspeed_runs_distance":154.923207,"max_speed":"23.122749","sprints":1,"highspeed_runs":7,"avg_speed":8.939547}},

"mw5":{"1-0":{"distance":747.550284,"sprint_distance":25.236812,"highspeed_runs_distance":131.726433,"max_speed":"27.348989","sprints":2,"highspeed_runs":12,"avg_speed":8.9706034},"1-5":{"distance":745.3936,"sprint_distance":85.362321,"highspeed_runs_distance":212.468856,"max_speed":"26.944582","sprints":8,"highspeed_runs":15,"avg_speed":8.9447234},"1-10":{"distance":734.992965,"sprint_distance":35.974461,"highspeed_runs_distance":146.049098,"max_speed":"26.375145","sprints":4,"highspeed_runs":12,"avg_speed":8.819916},"1-15":{"distance":632.082985,"sprint_distance":40.951706,"highspeed_runs_distance":101.597948,"max_speed":"26.845829","sprints":3,"highspeed_runs":8,"avg_speed":7.584996},"1-20":{"distance":711.420166,"sprint_distance":79.898321,"highspeed_runs_distance":147.647517,"max_speed":"29.405666","sprints":4,"highspeed_runs":15,"avg_speed":8.5370416},"1-25":{"distance":613.323639,"sprint_distance":39.794436,"highspeed_runs_distance":111.756971,"max_speed":"28.494734","sprints":2,"highspeed_runs":8,"avg_speed":7.3598836},"1-30":{"distance":703.282517,"sprint_distance":37.639779,"highspeed_runs_distance":131.923094,"max_speed":"27.816378","sprints":4,"highspeed_runs":11,"avg_speed":8.4393904},"1-35":{"distance":728.618491,"sprint_distance":47.027392,"highspeed_runs_distance":225.971375,"max_speed":"29.988380","sprints":5,"highspeed_runs":16,"avg_speed":8.7434222},"1-40":{"distance":681.486488,"sprint_distance":15.916398,"highspeed_runs_distance":98.407115,"max_speed":"24.134008","sprints":1,"highspeed_runs":10,"avg_speed":8.1778376},"1-45":{"distance":171.14885,"sprint_distance":0,"highspeed_runs_distance":83.358139,"max_speed":"20.440702","sprints":0,"highspeed_runs":4,"avg_speed":14.253661},"2-45":{"distance":564.385401,"sprint_distance":29.071459,"highspeed_runs_distance":107.951098,"max_speed":"21.917772","sprints":4,"highspeed_runs":9,"avg_speed":6.7726248},"2-50":{"distance":676.613121,"sprint_distance":27.069388,"highspeed_runs_distance":138.8631,"max_speed":"23.453722","sprints":3,"highspeed_runs":13,"avg_speed":8.1193576},"2-55":{"distance":680.387878,"sprint_distance":24.834754,"highspeed_runs_distance":104.029911,"max_speed":"24.724993","sprints":3,"highspeed_runs":8,"avg_speed":8.1646544},"2-60":{"distance":562.403325,"sprint_distance":0,"highspeed_runs_distance":79.956208,"max_speed":"20.248934","sprints":0,"highspeed_runs":7,"avg_speed":6.7488398},"2-65":{"distance":565.267861,"sprint_distance":22.784265,"highspeed_runs_distance":135.375738,"max_speed":"26.006266","sprints":2,"highspeed_runs":9,"avg_speed":6.7832144},"2-70":{"distance":450.131546,"sprint_distance":0,"highspeed_runs_distance":54.35756,"max_speed":"20.012609","sprints":0,"highspeed_runs":5,"avg_speed":5.4015786},"2-75":{"distance":813.583404,"sprint_distance":111.469407,"highspeed_runs_distance":224.467376,"max_speed":"25.111288","sprints":6,"highspeed_runs":17,"avg_speed":9.7630008},"2-80":{"distance":700.106461,"sprint_distance":67.659143,"highspeed_runs_distance":201.020811,"max_speed":"28.219778","sprints":5,"highspeed_runs":17,"avg_speed":8.4012776},"2-85":{"distance":676.112725,"sprint_distance":47.822815,"highspeed_runs_distance":140.363277,"max_speed":"26.325687","sprints":4,"highspeed_runs":12,"avg_speed":8.1133528},"2-90":{"distance":631.251449,"sprint_distance":56.096117,"highspeed_runs_distance":118.853329,"max_speed":"26.039425","sprints":4,"highspeed_runs":9,"avg_speed":8.2772274}},

"mw4":{"1-0":{"distance":728.482171,"sprint_distance":12.64959,"highspeed_runs_distance":164.471965,"max_speed":"25.612288","sprints":2,"highspeed_runs":14,"avg_speed":8.7417864},"1-5":{"distance":688.963165,"sprint_distance":33.75682,"highspeed_runs_distance":117.28792,"max_speed":"25.754978","sprints":3,"highspeed_runs":7,"avg_speed":8.2675578},"1-10":{"distance":509.694035,"sprint_distance":24.223922,"highspeed_runs_distance":58.734662,"max_speed":"25.570560","sprints":2,"highspeed_runs":6,"avg_speed":6.1163284},"1-15":{"distance":751.228905,"sprint_distance":40.956668,"highspeed_runs_distance":151.990417,"max_speed":"25.141033","sprints":4,"highspeed_runs":10,"avg_speed":9.0147468},"1-20":{"distance":684.989541,"sprint_distance":16.642553,"highspeed_runs_distance":114.890122,"max_speed":"22.880323","sprints":1,"highspeed_runs":8,"avg_speed":8.2198744},"1-25":{"distance":563.508583,"sprint_distance":64.859491,"highspeed_runs_distance":63.04945,"max_speed":"25.588867","sprints":3,"highspeed_runs":6,"avg_speed":6.762103},"1-30":{"distance":539.776427,"sprint_distance":43.814458,